PyScript,Memory,Time on local(s),Time on Jetson(s)
example.py,95.191406,1.690,1.543879747390747
plot_face_recognition.py,169.546875,29.018,74.02615070343018
plot_outlier_detection_wine.py,175.953125,1.691,5.596277236938477
plot_out_of_core_classification.py,169.808594,23.949,31.786230087280273
plot_prediction_latency.py,174.386719,13.999,22.793380975723267
plot_species_distribution_modeling.py,499.085938,7.900,16.213085174560547
plot_stock_market.py,180.746094,28.502,67.33334517478943
plot_tomography_l1_reconstruction.py,147.027344,11.199,16.2820782661438
plot_topics_extraction_with_nmf_lda.py,236.84375,12.797,25.066385984420776
plot_bicluster_newsgroups.py,208.949219,16.034,23.58123230934143
plot_spectral_biclustering.py,152.792969,1.081,3.79789662361145
plot_spectral_coclustering.py,151.878906,0.396,2.9037489891052246
plot_calibration_curve.py,211.589844,2.916,6.824389934539795
plot_calibration_multiclass.py,155.335938,1.468,4.295565843582153
plot_calibration.py,153.007812,0.342,2.761359453201294
plot_compare_calibration.py,185.949219,1.523,4.611581563949585
plot_classification_probability.py,203.21875,2.459,59.19418406486511
plot_classifier_comparison.py,275.640625,7.308,32.07509183883667
plot_lda.py,141.445312,13.741,84.7324013710022
plot_lda_qda.py,148.527344,0.561,2.742159843444824
plot_adjusted_for_chance_measures.py,133.074219,1.522,5.019662618637085
plot_affinity_propagation.py,148.996094,0.693,3.236726999282837
plot_agglomerative_clustering.py,165.15625,2.094,6.63729453086853
plot_agglomerative_clustering_metrics.py,184.839844,1.154,3.763737916946411
plot_agglomerative_dendrogram.py,145.644531,0.024,2.4832425117492676
plot_birch_vs_minibatchkmeans.py,280.328125,24.155,39.01285195350647
plot_coin_segmentation.py,167.730469,8.474,1.2977755069732666
plot_coin_ward_segmentation.py,158.617188,0.647,1.287522315979004
plot_color_quantization.py,283.992188,1.761,4.290578365325928
plot_dbscan.py,146.53125,0.055,2.486614942550659
plot_dict_face_patches.py,186.074219,11.464,28.37677574157715
plot_digits_agglomeration.py,148.929688,1.914,3.0206565856933594
plot_digits_linkage.py,349.992188,35.930,589.00399518013
plot_face_compress.py,205.199219,3.872,5.784513473510742
plot_feature_agglomeration_vs_univariate_selection.py,150.644531,2.285,11.945065259933472
plot_inductive_clustering.py,349.398438,3.547,6.240028619766235
plot_kmeans_assumptions.py,146.628906,1.803,2.9475584030151367
plot_kmeans_digits.py,592.320312,4.639,6.767715930938721
plot_kmeans_plusplus.py,145.324219,1.507,2.452463388442993
plot_kmeans_silhouette_analysis.py,154.3125,3.137,4.335677623748779
plot_kmeans_stability_low_dim_dense.py,143.757812,12.245,15.791841983795166
plot_linkage_comparison.py,174.773438,3.749,7.261877536773682
plot_mean_shift.py,145.8125,2.177,3.4289443492889404
plot_mini_batch_kmeans.py,146.6875,1.794,3.147658348083496
plot_optics.py,148.078125,3.470,5.525530576705933
plot_segmentation_toy.py,148.292969,2.592,13.915705442428589
plot_ward_structured_vs_unstructured.py,151.261719,1.898,2.965167999267578
plot_column_transformer_mixed_types.py,111.050781,5.461,8.792197704315186
plot_column_transformer.py,189.066406,4.571,9.765198707580566
plot_compare_reduction.py,149.191406,16.124,43.704708099365234
plot_digits_pipe.py,175.273438,26.241,30.920650243759155
plot_feature_union.py,84.054688,2.089,2.807128429412842
plot_transformed_target.py,196.328125,5.021,7.641090631484985
plot_covariance_estimation.py,138.628906,2.503,6.069089412689209
plot_lw_vs_oas.py,137.660156,5.345,34.83740448951721
plot_mahalanobis_distances.py,139.824219,2.340,2.5319368839263916
plot_robust_vs_empirical_covariance.py,138.117188,6.478,8.308593034744263
plot_sparse_cov.py,144.472656,3.193,15.03949236869812
plot_compare_cross_decomposition.py,133.1875,1.598,2.4764201641082764
plot_pcr_vs_pls.py,143.945312,2.268,2.8995962142944336
plot_digits_last_image.py,138.011719,1.847,2.4255027770996094
plot_iris_dataset.py,141.242188,1.828,2.4872641563415527
plot_random_dataset.py,135.539062,1.721,2.4872336387634277
plot_random_multilabel_dataset.py,134.332031,1.655,2.4078457355499268
plot_beta_divergence.py,136.726562,2.084,2.9351205825805664
plot_faces_decomposition.py,226.128906,14.277,74.12089729309082
plot_ica_blind_source_separation.py,145.0,2.550,2.860891580581665
plot_ica_vs_pca.py,142.949219,1.968,2.669947385787964
plot_image_denoising.py,324.398438,61.207,70.19543886184692
plot_incremental_pca.py,140.546875,1.870,2.3909473419189453
plot_kernel_pca.py,160.429688,2.859,6.083918809890747
plot_pca_vs_fa_model_selection.py,144.789062,116.971,2024.7887814044952
plot_pca_vs_lda.py,141.332031,1.792,2.4846315383911133
plot_sparse_coding.py,150.796875,2.504,3.946176767349243
plot_varimax_fa.py,148.574219,3.036,4.729376792907715
plot_adaboost_hastie_10_2.py,146.671875,8.550,14.13990068435669
plot_adaboost_multiclass.py,148.722656,18.595,25.933574676513672
plot_adaboost_regression.py,141.804688,2.158,3.3182027339935303
plot_adaboost_twoclass.py,178.832031,5.772,7.339212656021118
plot_bias_variance.py,147.589844,3.136,4.674529552459717
plot_ensemble_oob.py,146.691406,22.110,39.39651370048523
plot_feature_transformation.py,192.617188,5.283,9.714203119277954
plot_forest_importances_faces.py,182.625,3.676,5.8780131340026855
plot_forest_importances.py,178.671875,4.811,7.8652918338775635
plot_forest_iris.py,228.410156,12.204,17.24583625793457
plot_gradient_boosting_categorical.py,191.054688,21.611,38.835039377212524
plot_gradient_boosting_early_stopping.py,149.085938,76.161,93.22998929023743
plot_gradient_boosting_oob.py,144.1875,7.319,12.104456901550293
plot_gradient_boosting_regularization.py,144.917969,33.528,41.82721018791199
plot_isolation_forest.py,142.441406,2.241,3.390937089920044
plot_monotonic_constraints.py,145.367188,2.809,5.061285972595215
plot_random_forest_regression_multioutput.py,151.339844,2.868,3.5721263885498047
plot_stack_predictors.py,177.835938,52.071,48.7775342464447
plot_voting_decision_regions.py,146.3125,2.721,3.1641547679901123
plot_voting_probas.py,143.53125,2.374,3.097729444503784
plot_voting_regressor.py,152.269531,2.597,4.170616149902344
plot_cv_diabetes.py,139.820312,2.330,3.669053554534912
plot_cv_digits.py,140.085938,9.008,25.759891748428345
plot_digits_classification_exercise.py,92.355469,1.545,3.6314313411712646
plot_iris_exercise.py,146.132812,8.803,8.828739881515503
plot_feature_selection_pipeline.py,82.773438,1.042,1.7485623359680176
plot_feature_selection.py,142.28125,1.870,2.445829391479492
plot_f_test_vs_mi.py,139.136719,1.660,2.4453775882720947
plot_permutation_test_for_classification.py,142.785156,47.940,134.05574703216553
plot_rfe_digits.py,142.957031,5.869,12.303788185119629
plot_rfe_with_cross_validation.py,142.238281,3.997,6.89943265914917
plot_select_from_model_diabetes.py,141.730469,39.693,45.63365697860718
plot_compare_gpr_krr.py,156.636719,11.025,146.7293565273285
plot_gpc_iris.py,474.511719,8.280,154.062481880188
plot_gpc_isoprobability.py,136.34375,1.746,3.03788161277771
plot_gpc.py,135.332031,5.741,427.8725652694702
plot_gpc_xor.py,152.398438,2.669,38.073588609695435
plot_gpr_noisy.py,146.085938,8.363,42.74342107772827
plot_gpr_noisy_targets.py,135.304688,2.085,5.888418436050415
plot_gpr_on_structured_data.py,135.246094,1.820,2.4557831287384033
plot_gpr_prior_posterior.py,155.035156,3.418,6.836449861526489
plot_iterative_imputer_variants_comparison.py,307.078125,31.091,44.765525102615356
plot_missing_values.py,148.445312,32.350,43.75837230682373
plot_linear_model_coefficient_interpretation.py,203.195312,13.041,1.6398284435272217
plot_partial_dependence.py,220.867188,48.364,129.05060005187988
plot_permutation_importance_multicollinear.py,162.898438,9.853,14.132768869400024
plot_permutation_importance.py,190.6875,8.029,14.129178524017334
plot_scalable_poly_kernels.py,2521.316406,44.987,42.010152101516724
plot_ard.py,140.265625,2.236,8.050899267196655
plot_bayesian_ridge_curvefit.py,141.191406,2.531,3.2974607944488525
plot_bayesian_ridge.py,139.589844,2.380,3.099480152130127
plot_elastic_net_precomputed_gram_matrix_with_weighted_samples.py,529.011719,2.388,3.4611904621124268
plot_huber_vs_ridge.py,139.582031,1.896,2.4108896255493164
plot_iris_logistic.py,140.199219,1.821,2.4192471504211426
plot_lasso_and_elasticnet.py,136.097656,1.615,2.285264015197754
plot_lasso_coordinate_descent_path.py,139.773438,1.947,2.697035551071167
plot_lasso_dense_vs_sparse_data.py,126.4375,4.874,6.615380525588989
plot_lasso_lars.py,139.25,3.089,2.346282482147217
plot_lasso_model_selection.py,141.71875,2.859,3.9673011302948
plot_logistic_l1_l2_sparsity.py,142.511719,2.673,4.016196250915527
plot_logistic_multinomial.py,165.273438,1.866,2.6707215309143066
plot_logistic_path.py,138.4375,1.734,2.530430316925049
plot_logistic.py,137.714844,1.909,2.3984827995300293
plot_multi_task_lasso_support.py,136.496094,1.831,2.3898026943206787
plot_nnls.py,136.640625,1.658,2.23392915725708
plot_ols_3d.py,141.191406,1.989,2.6530959606170654
plot_ols.py,138.765625,1.651,2.363345146179199
plot_ols_ridge_variance.py,139.109375,2.129,2.6774284839630127
plot_omp.py,143.476562,2.308,3.317610502243042
plot_poisson_regression_non_normal_loss.py,895.304688,70.587,112.23139595985413
plot_ransac.py,139.742188,2.029,2.366962432861328
plot_ridge_coeffs.py,139.65625,2.222,3.6566708087921143
plot_ridge_path.py,136.679688,1.803,3.001950263977051
plot_robust_fit.py,174.554688,5.171,8.693719387054443
plot_sgd_comparison.py,146.117188,24.630,40.108120918273926
plot_sgd_iris.py,144.371094,2.790,2.4600493907928467
plot_sgd_loss_functions.py,94.210938,0.914,1.1432363986968994
plot_sgd_penalties.py,151.820312,1.082,1.4512825012207031
plot_sgd_separating_hyperplane.py,138.574219,1.806,0.11320161819458008
plot_sgd_separating_hyperplane.py,138.574219,1.806,2.5384726524353027
plot_sgd_weighted_samples.py,151.238281,1.680,2.281053066253662
plot_sparse_logistic_regression_20newsgroups.py,295.738281,18.561,33.49427843093872
plot_sparse_logistic_regression_mnist.py,955.570312,27.263,51.066582441329956
plot_theilsen.py,153.261719,2.279,4.252211809158325
plot_tweedie_regression_insurance_claims.py,712.394531,38.470,66.28550004959106
plot_compare_methods.py,224.351562,14.599,29.68864393234253
plot_lle_digits.py,379.46875,33.927,365.1831500530243
plot_manifold_sphere.py,178.175781,9.021,15.366961002349854
plot_mds.py,142.265625,1.660,3.3850479125976562
plot_swissroll.py,145.792969,1.974,12.582308530807495
plot_t_sne_perplexity.py,153.210938,17.267,0.11347723007202148
plot_t_sne_perplexity.py,153.210938,17.267,21.57808518409729
plot_changed_only_pprint_parameter.py,76.617188,0.910,1.5596637725830078
plot_display_object_visualization.py,160.222656,2.235,3.1425087451934814
plot_isotonic_regression.py,138.050781,1.648,2.3259074687957764
plot_johnson_lindenstrauss_bound.py,291.5625,20.977,46.20278024673462
plot_kernel_approximation.py,163.464844,4.167,6.865054607391357
plot_kernel_ridge_regression.py,1705.910156,47.267,71.2054374217987
plot_multilabel.py,142.207031,2.311,2.694943904876709
plot_multioutput_face_completion.py,323.679688,5.478,20.71488308906555
plot_partial_dependence_visualization_api.py,179.085938,8.011,30.602168083190918
plot_roc_curve_visualization_api.py,143.828125,1.819,2.4593963623046875
plot_concentration_prior.py,148.085938,15.564,20.960391998291016
plot_gmm_covariances.py,148.046875,1.915,2.7629406452178955
plot_gmm_pdf.py,144.253906,1.849,2.528243064880371
plot_gmm.py,144.277344,1.900,2.7469234466552734
plot_gmm_selection.py,143.402344,2.766,3.083022117614746
plot_gmm_sin.py,146.769531,2.471,3.264540672302246
grid_search_text_feature_extraction.py,173.597656,44.060,0.12473058700561523
grid_search_text_feature_extraction.py,173.597656,44.060,52.935243129730225
plot_cv_predict.py,140.070312,2.067,2.483656406402588
plot_det.py,144.785156,1.748,2.707721710205078
plot_grid_search_digits.py,86.414062,4.766,12.600461959838867
plot_grid_search_refit_callable.py,147.21875,9.007,38.40419363975525
plot_grid_search_stats.py,167.929688,3.997,1.226393222808838
plot_learning_curve.py,148.023438,11.891,15.420516967773438
plot_multi_metric_evaluation.py,144.394531,29.728,41.24538588523865
plot_nested_cross_validation_iris.py,140.125,10.288,0.0651557445526123
plot_nested_cross_validation_iris.py,140.125,10.288,17.25776767730713
plot_precision_recall.py,143.761719,1.681,2.5715320110321045
plot_randomized_search.py,86.757812,155.138,472.7009699344635
plot_roc_crossval.py,142.390625,1.762,0.12891483306884766
plot_roc_crossval.py,142.390625,1.762,3.1073315143585205
plot_roc.py,143.21875,1.817,2.6613430976867676
plot_successive_halving_heatmap.py,165.808594,12.190,23.049957275390625
plot_successive_halving_iterations.py,170.84375,19.658,30.367192029953003
plot_train_error_vs_test_error.py,138.035156,4.765,11.32680869102478
plot_underfitting_overfitting.py,137.960938,1.814,2.449676513671875
plot_validation_curve.py,142.960938,11.831,31.542495489120483
plot_classifier_chain_yeast.py,185.425781,7.878,56.8303062915802
plot_caching_nearest_neighbors.py,161.542969,4.702,6.74008846282959
plot_classification.py,181.082031,4.859,1.1931328773498535
plot_digits_kde_sampling.py,176.726562,9.499,15.04604959487915
plot_kde_1d.py,142.007812,1.947,2.834977865219116
plot_lof_novelty_detection.py,183.390625,2.699,3.42879056930542
plot_lof_outlier_detection.py,138.175781,1.502,0.11281633377075195
plot_lof_outlier_detection.py,138.175781,1.502,2.4122579097747803
plot_nca_classification.py,200.835938,54.399,75.22096562385559
plot_nca_dim_reduction.py,177.316406,4.869,8.50487232208252
plot_nca_illustration.py,142.820312,1.995,2.6148576736450195
plot_nearest_centroid.py,147.496094,1.805,2.4716408252716064
plot_regression.py,140.355469,1.933,2.583730459213257
plot_species_kde.py,198.390625,6.690,14.763006687164307
plot_mlp_alpha.py,377.621094,34.882,128.10306811332703
plot_mlp_training_curves.py,145.378906,8.951,34.57899188995361
plot_rbm_logistic_classification.py,182.5,18.094,24.240590810775757
plot_all_scaling.py,208.234375,10.638,15.857232809066772
plot_discretization_classification.py,171.234375,44.258,66.38531470298767
plot_discretization.py,143.917969,1.774,2.624074935913086
plot_discretization_strategies.py,165.65625,3.110,3.957732915878296
plot_map_data_to_normal.py,153.78125,4.650,7.120429277420044
plot_scaling_importance.py,144.335938,2.028,2.6447970867156982
plot_release_highlights_0_22_0.py,183.542969,5.290,9.273927688598633
plot_release_highlights_0_23_0.py,153.1875,3.044,5.929617643356323
plot_release_highlights_0_24_0.py,572.417969,24.290,41.982537031173706
plot_label_propagation_digits_active_learning.py,151.308594,3.237,3.964409351348877
plot_label_propagation_digits.py,146.558594,2.236,3.022613048553467
plot_label_propagation_structure.py,141.980469,1.743,2.501345157623291
plot_self_training_varying_threshold.py,142.769531,7.681,14.969125270843506
plot_semi_supervised_versus_svm_iris.py,256.75,3.124,5.4876720905303955
plot_custom_kernel.py,192.113281,1.664,2.7618181705474854
plot_iris_svc.py,143.890625,2.217,0.11466050148010254
plot_iris_svc.py,143.890625,2.217,3.8439314365386963
plot_linearsvc_support_vectors.py,142.234375,1.645,2.6413331031799316
plot_oneclass.py,141.480469,1.950,2.8266186714172363
plot_rbf_parameters.py,151.945312,8.265,14.110046863555908
plot_separating_hyperplane.py,138.585938,1.562,2.296252727508545
plot_separating_hyperplane_unbalanced.py,139.328125,1.526,2.428525447845459
plot_svm_anova.py,142.101562,1.956,3.0452747344970703
plot_svm_kernels.py,143.414062,1.692,2.537235975265503
plot_svm_margin.py,137.445312,1.640,2.326148509979248
plot_svm_nonlinear.py,145.257812,3.322,5.931952953338623
plot_svm_regression.py,137.320312,1.739,3.2192635536193848
plot_svm_scale_c.py,142.992188,34.082,54.49794411659241
plot_svm_tie_breaking.py,324.949219,2.415,3.771249771118164
plot_weighted_samples.py,149.5625,2.041,3.270378351211548
plot_document_classification_20newsgroups.py,243.300781,7.314,12.171971082687378
plot_document_clustering.py,158.816406,2.691,4.455291271209717
plot_hashing_vs_dict_vectorizer.py,151.515625,6.443,9.305813312530518
plot_cost_complexity_pruning.py,145.011719,2.122,2.9554738998413086
plot_iris_dtc.py,155.945312,2.688,4.020212888717651
plot_tree_regression_multioutput.py,142.679688,1.654,2.386894464492798
plot_tree_regression.py,139.933594,1.663,2.274531841278076
plot_unveil_tree_structure.py,143.953125,1.713,2.482998847961426
bench_feature_expansions.py,232.839844,2.807,3.6523690223693848
bench_glm.py,140.574219,3.799,39.02251315116882
bench_hist_gradient_boosting_adult.py,103.179688,4.453,6.535112619400024
bench_hist_gradient_boosting_categorical_only.py,91.769531,1.811,3.849804162979126
bench_hist_gradient_boosting.py,1086.144531,27.943,0.10059189796447754
bench_hist_gradient_boosting.py,1086.144531,27.943,16.543506145477295
bench_isolation_forest.py,1304.328125,44.976,56.308202028274536
bench_lasso.py,389.875,10.018,24.297815084457397
bench_plot_fastkmeans.py,399.449219,84.806,111.95667481422424
bench_plot_hierarchical.py,1865.957031,504.021,604.7516837120056
bench_plot_lasso_path.py,388.027344,98.837,131.42826557159424
bench_plot_neighbors.py,166.242188,18.021,20.5800518989563
bench_plot_parallel_pairwise.py,527.015625,13.515,25.495012044906616
bench_plot_svd.py,178.746094,11.317,227.39459896087646
bench_random_projections.py,501.722656,30.879,51.31052589416504
bench_sample_without_replacement.py,130.609375,20.767,38.011430978775024
bench_sgd_regression.py,476.566406,19.338,20.153242349624634
bench_sparsify.py,90.527344,11.976,23.07359790802002
bench_text_vectorizers.py,285.585938,64.044,1.1369733810424805
bench_tree.py,174.882812,85.511,107.12115263938904
bench_tree_n1_1_n2_10.py,147.976562,9.147,11.298396825790405
bench_tree_n1_2_n2_10.py,150.46875,9.365,14.340524196624756
bench_tree_n1_3_n2_10.py,154.871094,12.964,19.15361762046814
bench_tree_n1_4_n2_10.py,148.625,17.462,25.884318351745605
bench_tree_n1_5_n2_10.py,149.480469,25.568,34.17030644416809
bench_tree_n1_6_n2_10.py,149.554688,35.117,41.726693868637085
bench_tree_n1_7_n2_10.py,158.597656,40.981,54.79171276092529
bench_tree_n1_8_n2_10.py,156.921875,50.998,76.53141570091248
bench_tree_n1_9_n2_10.py,164.875,74.479,82.31826496124268
bench_tree_n1_10_n2_1.py,174.871094,71.682,93.24949812889099
bench_tree_n1_10_n2_2.py,175.714844,77.170,102.6718738079071
bench_tree_n1_10_n2_3.py,162.816406,79.522,97.98554873466492
bench_tree_n1_1_n2_1.py,140.953125,3.317,4.815903663635254
bench_tree_n1_1_n2_2.py,141.921875,3.917,4.843435525894165
bench_tree_n1_1_n2_3.py,143.667969,4.242,5.931277275085449
bench_tree_n1_1_n2_5.py,146.023438,5.102,6.9582579135894775
bench_tree_n1_1_n2_6.py,145.027344,5.446,7.459934711456299
bench_tree_n1_1_n2_7.py,146.941406,5.866,8.220487833023071
bench_tree_n1_1_n2_9.py,148.945312,6.295,10.395951747894287
bench_tree_n1_2_n2_1.py,143.425781,6.013,8.545361042022705
bench_tree_n1_2_n2_2.py,129.621094,5.245,9.09905219078064
bench_tree_n1_2_n2_3.py,143.644531,6.431,8.642798662185669
bench_tree_n1_2_n2_4.py,143.679688,6.646,10.120063543319702
bench_tree_n1_2_n2_5.py,144.542969,6.860,10.77459454536438
bench_tree_n1_2_n2_6.py,147.722656,7.283,0.10358738899230957
bench_tree_n1_2_n2_6.py,147.722656,7.283,11.117103338241577
bench_tree_n1_2_n2_7.py,149.570312,8.071,11.901555299758911
bench_tree_n1_2_n2_8.py,149.789062,8.972,12.265963792800903
bench_tree_n1_2_n2_9.py,149.828125,9.462,13.23546051979065
bench_tree_n1_3_n2_1.py,144.125,9.037,13.993983030319214
bench_tree_n1_3_n2_2.py,144.945312,9.992,13.211444616317749
bench_tree_n1_3_n2_3.py,144.625,9.409,13.285781860351562
bench_tree_n1_3_n2_4.py,145.011719,10.503,15.07712173461914
bench_tree_n1_3_n2_5.py,145.234375,10.399,14.989036798477173
bench_tree_n1_3_n2_6.py,146.324219,11.519,14.68973183631897
bench_tree_n1_3_n2_7.py,146.449219,11.878,15.565748929977417
bench_tree_n1_3_n2_8.py,146.570312,11.081,17.645251989364624
bench_tree_n1_3_n2_9.py,151.484375,13.379,19.270506143569946
bench_tree_n1_4_n2_1.py,147.964844,13.968,19.419599533081055
bench_tree_n1_4_n2_2.py,148.214844,13.961,19.806468725204468
bench_tree_n1_4_n2_3.py,146.609375,13.688,19.841631412506104
bench_tree_n1_4_n2_4.py,146.5,14.509,20.599554777145386
bench_tree_n1_4_n2_5.py,147.980469,15.142,21.899324655532837
bench_tree_n1_4_n2_6.py,148.402344,15.381,23.031141757965088
bench_tree_n1_4_n2_7.py,146.582031,15.445,22.98332715034485
bench_tree_n1_4_n2_8.py,148.953125,17.979,25.111602544784546
bench_tree_n1_4_n2_9.py,148.019531,17.059,24.67777705192566
bench_tree_n1_5_n2_1.py,147.472656,21.773,27.000924587249756
bench_tree_n1_5_n2_2.py,146.871094,20.907,29.978899002075195
bench_tree_n1_5_n2_3.py,147.53125,20.507,29.667604446411133
bench_tree_n1_5_n2_4.py,147.863281,25.565,29.96966814994812
bench_tree_n1_5_n2_5.py,147.851562,25.147,30.04447627067566
bench_tree_n1_5_n2_6.py,147.539062,27.438,0.1128091812133789
bench_tree_n1_5_n2_6.py,147.539062,27.438,29.88882303237915
bench_tree_n1_5_n2_7.py,147.683594,23.778,33.02839517593384
bench_tree_n1_5_n2_8.py,148.980469,22.777,32.02338719367981
bench_tree_n1_5_n2_9.py,148.847656,26.084,30.889610290527344
bench_tree_n1_6_n2_1.py,149.304688,32.883,40.37549066543579
bench_tree_n1_6_n2_2.py,150.125,32.356,36.700011253356934
bench_tree_n1_6_n2_3.py,155.273438,31.657,39.263346433639526
bench_tree_n1_6_n2_4.py,149.910156,26.928,37.288286209106445
bench_tree_n1_6_n2_4.py,155.65625,31.078,37.288286209106445
bench_tree_n1_6_n2_4.py,148.292969,27.486,37.288286209106445
bench_tree_n1_6_n2_5.py,149.347656,31.388,41.544633865356445
bench_tree_n1_6_n2_6.py,150.511719,26.145,37.93353247642517
bench_tree_n1_6_n2_7.py,149.75,27.132,49.94260334968567
bench_tree_n1_6_n2_8.py,156.019531,32.970,42.45834183692932
bench_tree_n1_6_n2_9.py,149.644531,30.866,39.66963863372803
bench_tree_n1_7_n2_1.py,158.917969,32.144,49.694655418395996
bench_tree_n1_7_n2_2.py,158.78125,34.125,49.138346433639526
bench_tree_n1_7_n2_3.py,159.246094,34.902,52.23500299453735
bench_tree_n1_7_n2_4.py,159.183594,35.464,50.1296021938324
bench_tree_n1_7_n2_5.py,162.488281,37.622,50.68166160583496
bench_tree_n1_7_n2_6.py,153.554688,36.142,51.30423617362976
bench_tree_n1_7_n2_7.py,153.898438,44.044,54.56415390968323
bench_tree_n1_7_n2_8.py,157.140625,38.355,52.35746955871582
bench_tree_n1_7_n2_9.py,158.996094,39.989,56.70782732963562
bench_tree_n1_1_n2_11.py,148.617188,7.644,13.21553659439087
bench_tree_n1_2_n2_11.py,150.523438,11.605,15.43343472480774
bench_tree_n1_1_n2_12.py,150.808594,8.074,13.560256958007812
bench_tree_n1_2_n2_12.py,150.359375,10.543,18.10545039176941
bench_tree_n1_1_n2_13.py,153.066406,9.700,14.617485523223877
bench_tree_n1_2_n2_13.py,154.296875,13.162,18.052075386047363
bench_tree_n1_1_n2_14.py,152.707031,11.028,16.89935040473938
bench_tree_n1_1_n2_15.py,154.515625,12.216,18.0834002494812
bench_plot_lasso_path_1.py,145.496094,5.625,26.765130519866943
bench_plot_lasso_path_2.py,145.375,3.894,12.458173751831055
bench_plot_lasso_path_3.py,145.746094,5.425,12.078065156936646
bench_plot_lasso_path_4.py,145.71875,4.156,23.909544229507446
bench_plot_lasso_path_5.py,145.894531,4.494,10.416422605514526
bench_plot_lasso_path_6.py,145.242188,4.487,31.064499139785767
bench_plot_lasso_path_7.py,142.753906,4.726,24.004619121551514
bench_plot_lasso_path_8.py,145.304688,4.971,30.204423427581787
bench_plot_lasso_path_9.py,145.882812,5.266,20.00505018234253
bench_plot_lasso_path_10.py,145.441406,5.367,32.73645281791687
bench_plot_lasso_path_11.py,145.476562,5.762,33.98005437850952
bench_plot_lasso_path_12.py,146.210938,5.638,31.84669780731201
bench_plot_lasso_path_13.py,146.789062,7.284,33.182331800460815
bench_plot_lasso_path_14.py,145.746094,6.457,34.91197347640991
bench_plot_lasso_path_15.py,146.523438,7.351,36.40368866920471
bench_plot_lasso_path_16.py,147.050781,6.782,28.022658824920654
bench_plot_lasso_path_17.py,146.023438,7.201,22.120616912841797
bench_plot_lasso_path_18.py,146.179688,7.569,36.681397438049316
bench_plot_lasso_path_19.py,146.640625,7.197,28.09934949874878
bench_plot_lasso_path_20.py,147.058594,6.607,24.81709337234497
bench_plot_lasso_path_21.py,147.542969,5.786,34.47177529335022
bench_plot_lasso_path_22.py,148.027344,5.401,41.5981650352478
bench_plot_lasso_path_23.py,148.5,5.812,38.95444059371948
bench_plot_lasso_path_24.py,148.703125,5.875,40.186434268951416
bench_plot_lasso_path_25.py,148.84375,6.237,9.558784484863281
bench_plot_lasso_path_26.py,147.457031,6.570,30.707087516784668
bench_plot_lasso_path_27.py,149.886719,6.270,41.25480818748474
bench_plot_lasso_path_28.py,150.714844,6.017,0.11528396606445312
bench_plot_lasso_path_28.py,150.714844,6.017,9.887812376022339
bench_plot_lasso_path_29.py,150.664062,6.547,12.964158773422241
bench_plot_lasso_path_30.py,151.746094,8.107,18.86219549179077
bench_plot_lasso_path_31.py,148.960938,6.872,33.43643069267273
bench_plot_lasso_path_32.py,152.542969,7.055,41.51215362548828
bench_plot_lasso_path_33.py,152.914062,7.486,43.89614987373352
bench_plot_lasso_path_34.py,153.402344,9.792,0.12398958206176758
bench_plot_lasso_path_34.py,153.402344,9.792,10.448698043823242
bench_plot_lasso_path_35.py,153.625,7.918,42.213980197906494
bench_plot_lasso_path_36.py,155.523438,8.049,43.61359167098999
bench_plot_lasso_path_37.py,154.804688,7.988,41.12469410896301
bench_plot_lasso_path_38.py,155.621094,8.524,43.40505003929138
bench_plot_lasso_path_39.py,156.09375,8.783,19.684707403182983
bench_plot_lasso_path_40.py,156.0,8.901,17.664624452590942
bench_plot_lasso_path_41.py,156.703125,9.119,35.96446919441223
bench_plot_lasso_path_42.py,156.808594,9.280,35.490537881851196
bench_plot_lasso_path_43.py,151.675781,9.249,36.166712522506714
bench_plot_lasso_path_44.py,157.847656,9.881,15.7479829788208
bench_plot_lasso_path_45.py,158.339844,10.038,45.06236433982849
bench_plot_lasso_path_46.py,158.972656,10.043,47.50469136238098
bench_plot_lasso_path_47.py,159.457031,10.462,35.978771686553955
bench_plot_lasso_path_48.py,152.683594,10.921,47.09749412536621
bench_plot_lasso_path_49.py,159.886719,11.495,44.538567543029785
bench_plot_lasso_path_50.py,160.316406,12.602,15.837529420852661
bench_plot_lasso_path_51.py,160.996094,6.687,29.62327814102173
bench_plot_lasso_path_52.py,155.257812,5.300,35.71693205833435
bench_plot_lasso_path_53.py,145.054688,3.658,26.104438066482544
bench_plot_lasso_path_54.py,145.476562,3.828,22.7808735370636
bench_plot_lasso_path_55.py,145.375,4.078,30.01101303100586
bench_plot_lasso_path_56.py,145.570312,4.302,30.750613927841187
bench_plot_lasso_path_57.py,146.054688,4.566,16.556698083877563
bench_plot_lasso_path_58.py,146.039062,5.093,31.441678047180176
bench_plot_lasso_path_59.py,145.988281,5.551,35.744739055633545
bench_plot_lasso_path_60.py,146.4375,5.799,35.112934589385986
bench_plot_lasso_path_61.py,146.59375,4.646,0.14851784706115723
bench_plot_lasso_path_61.py,146.59375,4.646,15.417790412902832
bench_plot_lasso_path_62.py,146.640625,6.037,40.844743728637695
bench_plot_lasso_path_63.py,146.789062,6.585,0.11502289772033691
bench_plot_lasso_path_63.py,146.789062,6.585,12.644737005233765
bench_plot_lasso_path_64.py,148.269531,6.300,21.525651931762695
bench_plot_lasso_path_65.py,148.582031,6.882,12.875977993011475
bench_plot_lasso_path_66.py,151.257812,6.735,22.534684896469116
bench_plot_lasso_path_67.py,152.777344,7.740,53.69178652763367
bench_plot_lasso_path_68.py,155.308594,8.635,51.11397838592529
bench_plot_lasso_path_69.py,156.195312,8.080,50.200438499450684
bench_plot_lasso_path_70.py,158.851562,9.824,54.7833366394043
bench_plot_lasso_path_71.py,175.050781,7.978,20.863760709762573
bench_plot_lasso_path_72.py,163.242188,7.687,0.11167526245117188
bench_plot_lasso_path_72.py,163.242188,7.687,15.959223985671997
bench_plot_lasso_path_73.py,163.648438,8.642,43.295140981674194
bench_plot_lasso_path_74.py,167.777344,9.070,58.79243230819702
bench_plot_lasso_path_75.py,168.464844,9.616,57.87566113471985
bench_plot_lasso_path_76.py,170.683594,10.831,59.55255055427551
bench_plot_lasso_path_77.py,174.710938,10.805,40.59553933143616
bench_plot_lasso_path_78.py,175.039062,11.913,61.46092462539673
bench_plot_lasso_path_79.py,177.3125,11.893,56.257601737976074
bench_plot_lasso_path_80.py,181.953125,12.777,75.39139747619629
bench_plot_lasso_path_81.py,182.273438,13.994,71.4448823928833
bench_plot_lasso_path_82.py,182.992188,13.159,77.35805058479309
bench_plot_lasso_path_83.py,187.277344,15.003,31.230388641357422
bench_plot_lasso_path_84.py,190.09375,20.847,76.28599143028259
bench_plot_lasso_path_85.py,197.128906,25.171,33.77052450180054
bench_plot_lasso_path_86.py,200.414062,21.390,27.392650365829468
bench_plot_lasso_path_87.py,197.75,21.372,45.285853147506714
bench_plot_lasso_path_88.py,206.015625,19.318,42.99611186981201
bench_plot_lasso_path_89.py,203.5,19.957,85.78709006309509
bench_plot_lasso_path_90.py,212.816406,18.387,91.06907486915588
bench_plot_lasso_path_91.py,215.871094,18.292,84.944091796875
bench_plot_lasso_path_92.py,219.460938,18.525,46.59471344947815
bench_plot_lasso_path_93.py,215.613281,19.174,84.14063811302185
bench_plot_lasso_path_94.py,218.175781,18.897,91.77852988243103
bench_plot_lasso_path_95.py,228.339844,20.442,87.66772985458374
bench_plot_lasso_path_96.py,231.570312,21.609,102.82690787315369
bench_plot_lasso_path_97.py,228.046875,23.468,89.39890336990356
bench_plot_lasso_path_98.py,231.628906,22.931,0.11230659484863281
bench_plot_lasso_path_98.py,231.628906,22.931,37.1911518573761
bench_plot_lasso_path_99.py,241.394531,23.364,51.79924559593201
bench_plot_lasso_path_100.py,238.378906,25.676,81.47176480293274
bench_plot_lasso_path_101.py,248.355469,24.086,86.44998788833618
bench_plot_lasso_path_102.py,252.605469,26.443,82.7713270187378
bench_plot_lasso_path_103.py,255.273438,26.357,85.05827617645264
bench_plot_lasso_path_104.py,259.042969,27.546,83.27788281440735
bench_plot_lasso_path_105.py,145.136719,5.729,27.197445392608643
bench_plot_lasso_path_106.py,145.417969,5.629,10.464400053024292
bench_plot_lasso_path_107.py,145.957031,6.274,23.60324239730835
bench_plot_lasso_path_108.py,145.941406,6.624,30.195992469787598
bench_plot_lasso_path_109.py,146.238281,6.999,32.036805629730225
bench_plot_lasso_path_110.py,146.433594,5.990,36.87651443481445
bench_plot_lasso_path_111.py,147.808594,4.717,40.80645179748535
bench_plot_lasso_path_112.py,161.679688,4.868,38.03816318511963
bench_plot_lasso_path_113.py,153.644531,5.357,10.405412197113037
bench_plot_lasso_path_114.py,156.0625,5.947,42.194371461868286
bench_plot_lasso_path_115.py,158.660156,5.963,49.93375277519226
bench_plot_lasso_path_116.py,160.871094,6.119,48.87106728553772
bench_plot_lasso_path_117.py,163.761719,6.630,24.794371128082275
bench_plot_lasso_path_118.py,167.078125,8.048,55.77055525779724
bench_plot_lasso_path_119.py,169.953125,7.700,37.62322449684143
bench_plot_lasso_path_120.py,172.988281,8.095,64.33364534378052
bench_plot_lasso_path_121.py,186.773438,8.788,24.684873580932617
bench_plot_lasso_path_122.py,180.746094,9.036,26.245121955871582
bench_plot_lasso_path_123.py,184.132812,9.446,69.69218230247498
bench_plot_lasso_path_124.py,188.078125,10.454,56.882309436798096
bench_plot_lasso_path_125.py,191.023438,10.811,74.61610460281372
bench_plot_lasso_path_126.py,194.5625,11.688,82.56675004959106
bench_plot_lasso_path_127.py,198.355469,11.432,27.27639412879944
bench_plot_lasso_path_128.py,191.242188,11.897,92.25212359428406
bench_plot_lasso_path_129.py,205.789062,12.581,38.92169141769409
bench_plot_lasso_path_130.py,197.789062,13.093,94.11394166946411
bench_plot_lasso_path_131.py,213.695312,10.753,97.64857840538025
bench_plot_lasso_path_132.py,204.328125,11.548,104.02645444869995
bench_plot_lasso_path_133.py,223.800781,12.328,37.542563915252686
bench_plot_lasso_path_134.py,227.863281,12.672,43.41158866882324
bench_plot_lasso_path_135.py,232.070312,13.585,39.88041305541992
bench_plot_lasso_path_136.py,237.214844,13.710,116.45960450172424
bench_plot_lasso_path_137.py,241.714844,15.459,52.96159219741821
bench_plot_lasso_path_138.py,245.910156,15.827,125.68000817298889
bench_plot_lasso_path_139.py,251.152344,16.970,0.1203761100769043
bench_plot_lasso_path_139.py,251.152344,16.970,32.67527103424072
bench_plot_lasso_path_140.py,256.058594,17.420,127.22770309448242
bench_plot_lasso_path_141.py,247.980469,18.400,48.544302463531494
bench_plot_lasso_path_142.py,262.785156,18.655,129.30447936058044
bench_plot_lasso_path_143.py,267.917969,18.897,147.0754816532135
bench_plot_lasso_path_144.py,275.613281,20.110,112.80954885482788
bench_plot_lasso_path_145.py,281.167969,21.083,141.16277551651
bench_plot_lasso_path_146.py,286.339844,22.797,93.51165795326233
bench_plot_lasso_path_147.py,288.75,23.187,0.11189413070678711
bench_plot_lasso_path_147.py,288.75,23.187,38.1311457157135
bench_plot_lasso_path_148.py,297.183594,27.127,151.41135120391846
bench_plot_lasso_path_149.py,303.097656,25.801,42.102349042892456
bench_plot_lasso_path_150.py,308.292969,26.624,167.68292808532715
bench_plot_lasso_path_151.py,314.625,26.983,166.51043891906738
bench_plot_lasso_path_152.py,318.335938,27.653,63.90694832801819
bench_plot_lasso_path_153.py,326.390625,28.376,185.84946990013123
bench_plot_lasso_path_154.py,337.402344,31.796,65.96829271316528
bench_plot_lasso_path_155.py,338.28125,31.555,77.77196216583252
bench_plot_lasso_path_156.py,344.570312,32.973,148.77386450767517
